Station,Date,"Gust Speed","Gust Dir","Solar Rad"
id,date,mph,degrees,W/m2
akr02,"11/25/2025",36.44,344.3,118.17
akr02,"11/26/2025",14.24,192.2,72.99
akr02,"11/27/2025",16.75,142.3,67.94
akr02,"11/28/2025",16.75,284.2,56.28
akr02,"11/29/2025",47.53,349.6,117.82
akr02,"11/30/2025",21.77,144.7,56.45
akr02,"12/01/2025",21.41,326.0,117.13
alt01,"11/25/2025",43.51,351.3,111.55
alt01,"11/26/2025",11.63,329.7,55.65
alt01,"11/27/2025",10.51,44.6,65.26
alt01,"11/28/2025",36.24,275.3,82.99
alt01,"11/29/2025",47.42,1.7,107.31
alt01,"11/30/2025",14.99,149.1,43.62
alt01,"12/01/2025",11.07,206.7,97.87
avn01,"11/25/2025",14.71,111.5,111.11
avn01,"11/26/2025",8.67,136.7,106.13
avn01,"11/27/2025",9.67,94.8,111.46
avn01,"11/28/2025",10.18,97.6,65.24
avn01,"11/29/2025",20.07,10.2,100.23
avn01,"11/30/2025",11.52,70.5,89.91
avn01,"12/01/2025",10.35,340.4,108.33
bla01,"11/25/2025",16.11,312.2,126.73
bla01,"11/26/2025",17.78,174.9,128.37
bla01,"11/27/2025",8.84,299.9,133.02
bla01,"11/28/2025",24.49,215.3,132.67
bla01,"11/29/2025",21.14,327.2,136.94
bla01,"11/30/2025",28.97,172.6,104.76
bla01,"12/01/2025",25.61,308.6,135.01
bnv01,"11/25/2025",25.61,239.0,132.15
bnv01,"11/26/2025",32.32,285.5,125.32
bnv01,"11/27/2025",16.11,244.8,130.17
bnv01,"11/28/2025",33.44,246.7,119.84
bnv01,"11/29/2025",31.21,278.8,131.66
bnv01,"11/30/2025",17.22,160.7,60.15
bnv01,"12/01/2025",27.85,332.0,132.41
brg01,"11/25/2025",34.56,5.3,125.13
brg01,"11/26/2025",7.16,38.0,55.11
brg01,"11/27/2025",22.82,154.0,46.73
brg01,"11/28/2025",13.87,169.4,72.7
brg01,"11/29/2025",41.27,334.1,117.81
brg01,"11/30/2025",21.7,147.5,45.29
brg01,"12/01/2025",22.26,277.2,117.5
brl02,"11/25/2025",31.21,174.2,113.75
brl02,"11/26/2025",15.55,172.5,68.93
brl02,"11/27/2025",16.11,128.6,103.64
brl02,"11/28/2025",21.7,333.9,33.44
brl02,"11/29/2025",37.92,3.4,117.14
brl02,"11/30/2025",19.46,145.4,67.42
brl02,"12/01/2025",24.49,331.4,115.4
brl03,"11/25/2025",29.15,340.4,116.44
brl03,"11/26/2025",15.55,161.6,73.62
brl03,"11/27/2025",17.56,132.7,106.13
brl03,"11/28/2025",19.91,132.8,35.34
brl03,"11/29/2025",32.99,342.9,116.67
brl03,"11/30/2025",19.24,115.9,72.37
brl03,"12/01/2025",20.4,322.3,120.14
cbl01,"11/25/2025",14.47,6.2,73.91
cbl01,"11/26/2025",8.11,348.2,57.15
cbl01,"11/27/2025",8.62,165.7,102.45
cbl01,"11/28/2025",27.69,325.9,69.79
cbl01,"11/29/2025",16.08,302.1,114.73
cbl01,"11/30/2025",8.77,4.7,19.48
cbl01,"12/01/2025",6.06,165.7,57.41
cbn01,"11/25/2025",3.27,151.7,0.0
cbn01,"11/26/2025",9.18,272.5,99.35
cbn01,"11/27/2025",9.71,149.8,124.81
cbn01,"11/28/2025",11.38,174.8,80.69
cbn01,"11/29/2025",10.52,258.4,117.33
cbn01,"11/30/2025",19.35,262.1,19.51
cbn01,"12/01/2025",12.45,197.9,84.23
ccr01,"11/25/2025",15.38,40.0,114.35
ccr01,"11/26/2025",12.02,309.9,86.78
ccr01,"11/27/2025",12.36,308.4,101.85
ccr01,"11/28/2025",18.23,32.5,93.63
ccr01,"11/29/2025",23.94,14.5,114.0
ccr01,"11/30/2025",11.18,228.0,56.11
ccr01,"12/01/2025",15.71,303.8,119.1
cht01,"11/25/2025",32.88,314.0,118.37
cht01,"11/26/2025",9.43,5.5,90.19
cht01,"11/27/2025",11.69,160.7,112.66
cht01,"11/28/2025",19.73,21.4,101.51
cht01,"11/29/2025",29.37,15.2,100.11
cht01,"11/30/2025",12.35,317.1,66.62
cht01,"12/01/2025",15.27,163.1,123.03
ckp01,"11/25/2025",34.0,313.6,122.86
ckp01,"11/26/2025",17.78,116.4,56.88
ckp01,"11/27/2025",8.28,110.8,40.99
ckp01,"11/28/2025",31.76,282.0,86.61
ckp01,"11/29/2025",39.59,309.5,116.26
ckp01,"11/30/2025",9.95,109.4,42.11
ckp01,"12/01/2025",28.41,285.5,117.9
clk01,"11/25/2025",21.03,211.6,105.44
clk01,"11/26/2025",10.02,43.0,22.66
clk01,"11/27/2025",10.37,156.5,68.65
clk01,"11/28/2025",15.3,295.6,61.99
clk01,"11/29/2025",18.54,327.1,94.1
clk01,"11/30/2025",11.84,336.4,30.53
clk01,"12/01/2025",13.22,184.0,95.6
cnn01,"11/25/2025",18.34,88.6,115.2
cnn01,"11/26/2025",12.19,148.9,121.05
cnn01,"11/27/2025",9.95,63.1,128.77
cnn01,"11/28/2025",39.59,275.6,83.15
cnn01,"11/29/2025",19.46,127.6,63.35
cnn01,"11/30/2025",11.63,122.7,80.46
cnn01,"12/01/2025",16.11,301.1,129.6
cow01,"11/25/2025",27.85,265.1,114.13
cow01,"11/26/2025",35.12,262.2,49.19
cow01,"11/27/2025",19.46,209.4,60.42
cow01,"11/28/2025",35.68,202.3,90.69
cow01,"11/29/2025",28.41,342.5,103.02
cow01,"11/30/2025",28.41,348.9,57.64
cow01,"12/01/2025",21.14,197.6,102.93
ctr01,"11/25/2025",12.75,250.0,122.59
ctr01,"11/26/2025",10.51,253.6,120.62
ctr01,"11/27/2025",9.4,98.1,126.44
ctr01,"11/28/2025",22.82,292.7,121.14
ctr01,"11/29/2025",16.67,270.1,128.34
ctr01,"11/30/2025",27.85,228.8,99.39
ctr01,"12/01/2025",24.49,295.9,128.77
ctr02,"11/25/2025",9.95,29.9,115.63
ctr02,"11/26/2025",9.95,146.6,132.0
ctr02,"11/27/2025",8.28,116.5,136.9
ctr02,"11/28/2025",33.44,261.1,130.85
ctr02,"11/29/2025",29.53,286.0,138.38
ctr02,"11/30/2025",23.94,213.4,100.91
ctr02,"12/01/2025",27.85,293.6,134.13
ctz01,"11/25/2025",12.19,197.7,108.01
ctz01,"11/26/2025",11.63,182.3,93.7
ctz01,"11/27/2025",9.4,25.5,113.34
ctz01,"11/28/2025",15.55,162.5,114.77
ctz01,"11/29/2025",16.67,335.5,116.57
ctz01,"11/30/2025",19.46,150.7,32.36
ctz01,"12/01/2025",17.22,326.7,108.68
cya01,"11/25/2025",-999,-999,-999
cya01,"11/26/2025",-999,-999,-999
cya01,"11/27/2025",-999,-999,-999
cya01,"11/28/2025",-999,-999,-999
cya01,"11/29/2025",-999,-999,-999
cya01,"11/30/2025",-999,-999,-999
cya01,"12/01/2025",-999,-999,-999
den01,"11/25/2025",19.24,272.9,97.41
den01,"11/26/2025",9.89,36.0,80.65
den01,"11/27/2025",12.76,4.4,103.69
den01,"11/28/2025",20.87,343.6,99.15
den01,"11/29/2025",29.1,34.6,101.75
den01,"11/30/2025",11.88,347.0,56.74
den01,"12/01/2025",13.5,245.0,110.26
dlr01,"11/25/2025",-999,-999,-999
dlr01,"11/26/2025",-999,-999,-999
dlr01,"11/27/2025",-999,-999,-999
dlr01,"11/28/2025",-999,-999,-999
dlr01,"11/29/2025",-999,-999,-999
dlr01,"11/30/2025",-999,-999,-999
dlr01,"12/01/2025",-999,-999,-999
drg01,"11/25/2025",14.09,210.7,104.05
drg01,"11/26/2025",14.53,234.1,102.31
drg01,"11/27/2025",5.94,284.4,107.75
drg01,"11/28/2025",15.76,227.1,114.24
drg01,"11/29/2025",15.78,227.0,120.02
drg01,"11/30/2025",17.84,319.6,40.83
drg01,"12/01/2025",20.2,303.1,118.98
dvc01,"11/25/2025",18.34,319.3,136.2
dvc01,"11/26/2025",12.19,319.8,112.85
dvc01,"11/27/2025",11.07,329.5,133.48
dvc01,"11/28/2025",15.55,164.1,116.53
dvc01,"11/29/2025",19.46,330.9,125.09
dvc01,"11/30/2025",18.9,282.0,29.38
dvc01,"12/01/2025",20.02,315.9,119.7
eac01,"11/25/2025",23.38,334.4,119.42
eac01,"11/26/2025",13.31,168.3,102.07
eac01,"11/27/2025",17.78,124.8,106.86
eac01,"11/28/2025",21.14,351.6,74.37
eac01,"11/29/2025",32.32,4.6,118.35
eac01,"11/30/2025",22.82,142.3,52.77
eac01,"12/01/2025",18.34,339.6,125.38
egl01,"11/25/2025",19.95,265.1,89.28
egl01,"11/26/2025",23.04,227.8,57.66
egl01,"11/27/2025",11.4,85.9,94.06
egl01,"11/28/2025",26.49,325.9,116.06
egl01,"11/29/2025",14.45,210.3,113.71
egl01,"11/30/2025",11.66,244.2,32.5
egl01,"12/01/2025",13.83,282.8,102.87
ekt01,"11/25/2025",8.28,228.6,110.74
ekt01,"11/26/2025",8.28,251.2,107.58
ekt01,"11/27/2025",10.51,217.3,119.99
ekt01,"11/28/2025",7.16,234.1,78.51
ekt01,"11/29/2025",16.67,313.0,118.85
ekt01,"11/30/2025",15.55,34.2,12.96
ekt01,"12/01/2025",9.4,75.3,99.25
fcc01,"11/25/2025",33.38,292.1,107.97
fcc01,"11/26/2025",9.43,317.3,59.84
fcc01,"11/27/2025",10.26,314.8,51.0
fcc01,"11/28/2025",38.05,305.3,91.69
fcc01,"11/29/2025",41.74,323.2,95.59
fcc01,"11/30/2025",9.56,31.0,49.36
fcc01,"12/01/2025",16.62,137.2,89.74
fcl01,"11/25/2025",23.24,188.0,179.15
fcl01,"11/26/2025",9.21,87.5,91.34
fcl01,"11/27/2025",8.55,101.9,79.06
fcl01,"11/28/2025",29.42,309.5,161.28
fcl01,"11/29/2025",27.85,3.4,163.02
fcl01,"11/30/2025",11.49,164.6,81.13
fcl01,"12/01/2025",12.76,139.6,184.76
frt03,"11/25/2025",8.84,25.2,116.62
frt03,"11/26/2025",8.28,297.9,109.06
frt03,"11/27/2025",6.6,74.3,120.89
frt03,"11/28/2025",8.84,142.1,80.41
frt03,"11/29/2025",7.16,136.3,115.93
frt03,"11/30/2025",13.31,283.2,25.06
frt03,"12/01/2025",11.63,138.1,119.61
ftc01,"11/25/2025",25.61,276.5,114.97
ftc01,"11/26/2025",7.16,125.7,64.47
ftc01,"11/27/2025",9.4,130.3,54.04
ftc01,"11/28/2025",31.21,283.2,97.1
ftc01,"11/29/2025",26.17,300.2,100.96
ftc01,"11/30/2025",8.28,128.9,53.57
ftc01,"12/01/2025",14.43,145.0,106.27
ftc03,"11/25/2025",33.11,8.8,125.44
ftc03,"11/26/2025",10.01,114.1,61.01
ftc03,"11/27/2025",10.08,163.8,48.64
ftc03,"11/28/2025",26.46,290.0,98.9
ftc03,"11/29/2025",36.4,1.6,118.55
ftc03,"11/30/2025",14.25,152.5,48.19
ftc03,"12/01/2025",13.01,163.4,115.77
ftl01,"11/25/2025",25.05,23.0,110.82
ftl01,"11/26/2025",11.07,32.9,102.76
ftl01,"11/27/2025",16.11,349.4,106.67
ftl01,"11/28/2025",30.65,300.1,93.52
ftl01,"11/29/2025",38.48,16.8,119.17
ftl01,"11/30/2025",10.51,313.9,60.33
ftl01,"12/01/2025",12.75,182.5,117.08
fwl01,"11/25/2025",15.55,92.6,116.21
fwl01,"11/26/2025",9.4,335.1,120.52
fwl01,"11/27/2025",12.19,72.3,120.63
fwl01,"11/28/2025",12.75,325.8,77.21
fwl01,"11/29/2025",22.26,0.1,118.46
fwl01,"11/30/2025",18.34,105.5,91.94
fwl01,"12/01/2025",12.75,23.2,120.61
gby01,"11/25/2025",22.28,259.0,125.0
gby01,"11/26/2025",28.86,286.6,74.7
gby01,"11/27/2025",19.19,266.2,71.79
gby01,"11/28/2025",31.23,295.6,78.32
gby01,"11/29/2025",26.44,261.8,106.94
gby01,"11/30/2025",12.47,290.7,27.34
gby01,"12/01/2025",18.54,248.1,110.07
gly04,"11/25/2025",29.15,306.3,127.2
gly04,"11/26/2025",8.16,335.1,64.19
gly04,"11/27/2025",9.67,60.5,73.9
gly04,"11/28/2025",18.72,292.3,75.89
gly04,"11/29/2025",35.19,307.8,117.25
gly04,"11/30/2025",16.05,115.9,46.22
gly04,"12/01/2025",11.02,156.3,118.63
gun01,"11/25/2025",19.46,284.6,121.75
gun01,"11/26/2025",14.99,320.7,110.6
gun01,"11/27/2025",9.4,240.1,135.61
gun01,"11/28/2025",24.49,248.0,118.94
gun01,"11/29/2025",26.73,299.5,135.07
gun01,"11/30/2025",10.51,209.6,29.04
gun01,"12/01/2025",14.43,321.1,32.93
gun02,"11/25/2025",23.76,236.2,104.56
gun02,"11/26/2025",19.51,247.2,115.05
gun02,"11/27/2025",6.28,88.5,135.56
gun02,"11/28/2025",28.34,269.4,126.57
gun02,"11/29/2025",24.27,261.3,135.92
gun02,"11/30/2025",14.18,283.5,26.12
gun02,"12/01/2025",16.88,277.1,77.92
gyp01,"11/25/2025",21.59,246.1,107.29
gyp01,"11/26/2025",25.81,230.5,64.34
gyp01,"11/27/2025",17.84,226.8,107.52
gyp01,"11/28/2025",28.63,323.4,109.72
gyp01,"11/29/2025",23.35,271.9,110.53
gyp01,"11/30/2025",4.82,108.9,19.51
gyp01,"12/01/2025",16.97,218.2,70.41
heb01,"11/25/2025",37.92,157.7,98.51
heb01,"11/26/2025",40.15,259.7,55.55
heb01,"11/27/2025",26.17,189.3,98.69
heb01,"11/28/2025",32.88,57.8,97.75
heb01,"11/29/2025",-999,-999,-999
heb01,"11/30/2025",-999,-999,-999
heb01,"12/01/2025",-999,-999,-999
hly01,"11/25/2025",28.97,7.1,138.43
hly01,"11/26/2025",22.82,155.9,126.68
hly01,"11/27/2025",12.75,278.9,139.13
hly01,"11/28/2025",25.05,5.6,69.38
hly01,"11/29/2025",33.44,19.2,139.1
hly01,"11/30/2025",26.17,59.2,58.49
hly01,"12/01/2025",22.26,259.5,137.68
hly02,"11/25/2025",27.85,342.6,117.85
hly02,"11/26/2025",20.58,176.2,116.4
hly02,"11/27/2025",13.31,191.1,126.73
hly02,"11/28/2025",23.38,339.4,66.24
hly02,"11/29/2025",36.24,349.0,125.11
hly02,"11/30/2025",24.49,117.0,55.27
hly02,"12/01/2025",25.05,341.2,124.53
hne01,"11/25/2025",14.43,54.7,118.4
hne01,"11/26/2025",20.02,300.5,118.79
hne01,"11/27/2025",15.55,251.5,126.6
hne01,"11/28/2025",21.14,286.0,58.94
hne01,"11/29/2025",21.14,29.6,48.38
hne01,"11/30/2025",14.43,54.9,116.2
hne01,"12/01/2025",9.95,300.6,122.07
hot02,"11/25/2025",11.84,271.5,117.64
hot02,"11/26/2025",10.38,257.7,105.25
hot02,"11/27/2025",11.62,69.9,125.38
hot02,"11/28/2025",10.01,279.7,84.83
hot02,"11/29/2025",13.45,275.1,124.7
hot02,"11/30/2025",12.42,31.4,12.02
hot02,"12/01/2025",9.06,71.5,89.48
hxt01,"11/25/2025",38.01,343.5,107.91
hxt01,"11/26/2025",15.93,181.7,45.39
hxt01,"11/27/2025",18.19,142.8,80.93
hxt01,"11/28/2025",20.47,173.5,41.66
hxt01,"11/29/2025",35.3,347.4,112.06
hxt01,"11/30/2025",20.02,102.5,59.2
hxt01,"12/01/2025",25.05,314.4,109.14
hyd01,"11/25/2025",16.88,288.3,105.27
hyd01,"11/26/2025",8.55,130.2,32.6
hyd01,"11/27/2025",8.26,144.1,70.14
hyd01,"11/28/2025",33.24,321.7,52.92
hyd01,"11/29/2025",28.5,286.1,96.73
hyd01,"11/30/2025",14.76,159.4,22.31
hyd01,"12/01/2025",10.74,148.7,35.51
hyk02,"11/25/2025",39.91,343.3,113.05
hyk02,"11/26/2025",14.98,206.9,56.81
hyk02,"11/27/2025",16.59,128.3,107.98
hyk02,"11/28/2025",14.61,103.9,32.85
hyk02,"11/29/2025",36.62,313.3,106.28
hyk02,"11/30/2025",15.64,122.9,65.93
hyk02,"12/01/2025",20.76,339.6,114.37
idl01,"11/25/2025",33.67,335.7,119.79
idl01,"11/26/2025",14.54,187.9,74.51
idl01,"11/27/2025",15.04,134.0,88.78
idl01,"11/28/2025",15.55,139.6,36.09
idl01,"11/29/2025",31.99,343.1,116.2
idl01,"11/30/2025",17.56,128.9,74.72
idl01,"12/01/2025",22.93,341.0,119.91
ign01,"11/25/2025",11.44,264.0,101.27
ign01,"11/26/2025",13.53,242.0,106.71
ign01,"11/27/2025",7.91,142.5,110.53
ign01,"11/28/2025",15.13,257.2,117.01
ign01,"11/29/2025",16.07,303.8,125.93
ign01,"11/30/2025",14.34,242.4,43.75
ign01,"12/01/2025",13.5,233.0,121.53
ign02,"11/25/2025",-999,-999,-999
ign02,"11/26/2025",-999,-999,-999
ign02,"11/27/2025",-999,-999,-999
ign02,"11/28/2025",-999,-999,-999
ign02,"11/29/2025",-999,-999,-999
ign02,"11/30/2025",-999,-999,-999
ign02,"12/01/2025",-999,-999,-999
ilf01,"11/25/2025",34.56,89.2,113.15
ilf01,"11/26/2025",7.72,65.8,44.34
ilf01,"11/27/2025",17.78,36.1,81.36
ilf01,"11/28/2025",21.7,69.5,68.07
ilf01,"11/29/2025",30.65,28.9,110.49
ilf01,"11/30/2025",21.14,1.2,56.47
ilf01,"12/01/2025",23.38,114.0,112.79
jfn01,"11/25/2025",25.61,251.7,113.09
jfn01,"11/26/2025",43.51,267.1,124.51
jfn01,"11/27/2025",20.58,162.9,117.68
jfn01,"11/28/2025",31.21,230.8,112.11
jfn01,"11/29/2025",40.71,215.5,128.62
jfn01,"11/30/2025",17.78,323.5,71.23
jfn01,"12/01/2025",31.76,323.5,128.42
kln01,"11/25/2025",13.33,212.4,119.68
kln01,"11/26/2025",18.95,302.9,121.58
kln01,"11/27/2025",7.54,190.5,132.2
kln01,"11/28/2025",13.72,286.8,138.84
kln01,"11/29/2025",21.65,352.2,142.92
kln01,"11/30/2025",25.39,350.5,46.44
kln01,"12/01/2025",21.52,326.1,141.62
krk01,"11/25/2025",32.32,327.8,120.82
krk01,"11/26/2025",16.67,210.6,72.89
krk01,"11/27/2025",14.43,98.6,88.2
krk01,"11/28/2025",19.46,312.0,43.08
krk01,"11/29/2025",32.88,335.7,114.72
krk01,"11/30/2025",20.58,123.2,62.61
krk01,"12/01/2025",24.49,323.4,118.19
krm01,"11/25/2025",22.79,214.8,107.03
krm01,"11/26/2025",18.41,289.8,49.79
krm01,"11/27/2025",17.76,288.1,78.07
krm01,"11/28/2025",26.6,343.0,71.06
krm01,"11/29/2025",21.85,311.1,107.13
krm01,"11/30/2025",7.31,320.3,28.3
krm01,"12/01/2025",14.61,3.3,94.48
ksy01,"11/25/2025",28.97,349.7,111.95
ksy01,"11/26/2025",8.28,29.5,65.11
ksy01,"11/27/2025",13.87,67.3,62.62
ksy01,"11/28/2025",11.63,239.3,66.07
ksy01,"11/29/2025",36.8,4.6,109.44
ksy01,"11/30/2025",18.9,142.2,46.28
ksy01,"12/01/2025",9.4,226.3,109.09
ksy02,"11/25/2025",23.44,348.0,119.79
ksy02,"11/26/2025",6.65,54.1,67.8
ksy02,"11/27/2025",13.2,90.2,69.32
ksy02,"11/28/2025",19.24,324.2,70.54
ksy02,"11/29/2025",32.82,1.8,114.0
ksy02,"11/30/2025",17.39,130.9,46.9
ksy02,"12/01/2025",7.66,210.3,112.04
lam01,"11/25/2025",22.26,2.8,123.05
lam01,"11/26/2025",15.55,173.3,101.71
lam01,"11/27/2025",16.67,128.3,121.48
lam01,"11/28/2025",18.9,316.0,63.38
lam01,"11/29/2025",27.29,322.3,119.79
lam01,"11/30/2025",28.41,127.9,65.62
lam01,"12/01/2025",20.02,125.5,123.11
lam03,"11/25/2025",21.14,8.0,127.88
lam03,"11/26/2025",16.67,169.5,110.27
lam03,"11/27/2025",17.78,145.0,129.01
lam03,"11/28/2025",18.9,324.8,71.03
lam03,"11/29/2025",30.09,3.7,127.13
lam03,"11/30/2025",28.97,112.5,72.59
lam03,"12/01/2025",20.58,293.2,131.36
lam04,"11/25/2025",27.85,346.5,106.76
lam04,"11/26/2025",16.11,35.3,104.17
lam04,"11/27/2025",16.67,123.6,115.84
lam04,"11/28/2025",26.17,324.8,60.63
lam04,"11/29/2025",35.12,351.4,118.72
lam04,"11/30/2025",27.29,119.1,58.98
lam04,"12/01/2025",21.14,303.2,121.57
lar01,"11/25/2025",25.61,169.6,135.08
lar01,"11/26/2025",35.12,100.7,51.5
lar01,"11/27/2025",28.97,207.2,99.86
lar01,"11/28/2025",32.32,141.6,104.79
lar01,"11/29/2025",23.38,175.0,118.29
lar01,"11/30/2025",19.46,14.0,58.33
lar01,"12/01/2025",24.49,45.7,132.43
lbn01,"11/25/2025",19.08,269.7,144.88
lbn01,"11/26/2025",15.27,307.4,122.38
lbn01,"11/27/2025",11.33,55.7,140.43
lbn01,"11/28/2025",13.45,250.7,135.71
lbn01,"11/29/2025",18.05,327.0,140.26
lbn01,"11/30/2025",24.99,162.9,28.88
lbn01,"12/01/2025",20.76,289.1,142.77
lcn01,"11/25/2025",36.24,21.4,120.2
lcn01,"11/26/2025",8.84,43.4,62.41
lcn01,"11/27/2025",14.99,80.4,72.29
lcn01,"11/28/2025",27.85,320.4,70.04
lcn01,"11/29/2025",39.59,6.2,113.84
lcn01,"11/30/2025",17.22,106.4,44.21
lcn01,"12/01/2025",11.07,168.7,109.54
ljr01,"11/25/2025",9.4,106.8,125.08
ljr01,"11/26/2025",9.4,175.7,128.04
ljr01,"11/27/2025",6.04,11.2,132.25
ljr01,"11/28/2025",23.38,217.7,125.33
ljr01,"11/29/2025",13.31,131.3,137.76
ljr01,"11/30/2025",27.85,140.5,123.54
ljr01,"12/01/2025",22.82,1.2,133.6
ljt01,"11/25/2025",20.58,30.9,122.29
ljt01,"11/26/2025",9.95,69.4,107.01
ljt01,"11/27/2025",18.34,118.8,123.3
ljt01,"11/28/2025",11.63,351.5,66.73
ljt01,"11/29/2025",32.88,3.3,123.64
ljt01,"11/30/2025",30.09,128.0,80.19
ljt01,"12/01/2025",16.67,267.1,125.04
lms02,"11/25/2025",21.47,0.4,136.47
lms02,"11/26/2025",10.52,11.7,116.56
lms02,"11/27/2025",18.92,139.3,135.34
lms02,"11/28/2025",10.23,354.3,71.48
lms02,"11/29/2025",27.04,353.5,136.96
lms02,"11/30/2025",29.15,116.8,82.12
lms02,"12/01/2025",17.03,279.8,138.98
lsl01,"11/25/2025",26.17,19.2,112.7
lsl01,"11/26/2025",8.28,310.4,70.64
lsl01,"11/27/2025",10.51,43.0,63.5
lsl01,"11/28/2025",22.26,320.2,66.89
lsl01,"11/29/2025",30.65,350.9,110.78
lsl01,"11/30/2025",16.67,148.5,51.25
lsl01,"12/01/2025",9.95,209.9,107.11
mcl01,"11/25/2025",25.05,346.2,102.14
mcl01,"11/26/2025",13.31,30.1,103.85
mcl01,"11/27/2025",16.67,103.5,117.98
mcl01,"11/28/2025",25.05,333.7,63.17
mcl01,"11/29/2025",36.24,343.1,115.79
mcl01,"11/30/2025",27.85,115.0,63.88
mcl01,"12/01/2025",17.78,120.8,119.06
mkr01,"11/25/2025",10.02,65.7,86.33
mkr01,"11/26/2025",10.04,273.5,57.81
mkr01,"11/27/2025",13.11,182.1,112.62
mkr01,"11/28/2025",24.92,205.0,82.52
mkr01,"11/29/2025",18.81,40.9,102.78
mkr01,"11/30/2025",22.77,220.4,32.67
mkr01,"12/01/2025",10.46,46.3,105.9
mnc01,"11/25/2025",20.58,280.8,136.96
mnc01,"11/26/2025",18.9,265.8,116.81
mnc01,"11/27/2025",9.95,292.4,132.66
mnc01,"11/28/2025",17.22,302.9,127.78
mnc01,"11/29/2025",25.61,258.5,133.4
mnc01,"11/30/2025",17.22,302.6,28.48
mnc01,"12/01/2025",21.7,276.5,120.1
mtr01,"11/25/2025",11.07,279.1,120.7
mtr01,"11/26/2025",8.84,314.5,120.02
mtr01,"11/27/2025",7.72,344.6,128.24
mtr01,"11/28/2025",8.84,331.0,94.96
mtr01,"11/29/2025",9.95,323.2,126.09
mtr01,"11/30/2025",16.67,248.2,20.92
mtr01,"12/01/2025",11.07,273.3,103.99
nuc01,"11/25/2025",-999,-999,-999
nuc01,"11/26/2025",-999,-999,-999
nuc01,"11/27/2025",-999,-999,-999
nuc01,"11/28/2025",-999,-999,-999
nuc01,"11/29/2025",-999,-999,-999
nuc01,"11/30/2025",-999,-999,-999
nuc01,"12/01/2025",-999,-999,-999
nwd01,"11/25/2025",15.43,125.6,126.16
nwd01,"11/26/2025",14.09,119.6,123.26
nwd01,"11/27/2025",15.43,118.5,127.55
nwd01,"11/28/2025",16.61,251.1,109.61
nwd01,"11/29/2025",14.09,293.3,127.31
nwd01,"11/30/2025",19.3,198.8,22.94
nwd01,"12/01/2025",13.76,109.3,101.62
orm02,"11/25/2025",13.31,23.9,116.51
orm02,"11/26/2025",14.43,139.4,111.24
orm02,"11/27/2025",17.78,155.2,125.61
orm02,"11/28/2025",10.51,183.8,98.19
orm02,"11/29/2025",10.51,0.6,122.52
orm02,"11/30/2025",18.9,168.6,22.75
orm02,"12/01/2025",16.11,167.0,130.8
oth01,"11/25/2025",8.33,325.2,115.16
oth01,"11/26/2025",6.82,211.4,113.54
oth01,"11/27/2025",10.35,314.3,121.87
oth01,"11/28/2025",10.01,295.1,98.03
oth01,"11/29/2025",7.66,308.3,125.35
oth01,"11/30/2025",11.69,341.0,17.64
oth01,"12/01/2025",12.86,265.1,108.8
pai01,"11/25/2025",30.65,233.1,114.83
pai01,"11/26/2025",10.51,137.3,60.31
pai01,"11/27/2025",17.22,116.8,80.97
pai01,"11/28/2025",17.22,128.2,42.21
pai01,"11/29/2025",23.38,348.0,115.03
pai01,"11/30/2025",18.9,127.9,60.86
pai01,"12/01/2025",20.02,287.0,114.68
pbw01,"11/25/2025",-999,-999,-999
pbw01,"11/26/2025",-999,-999,-999
pbw01,"11/27/2025",-999,-999,-999
pbw01,"11/28/2025",-999,-999,-999
pbw01,"11/29/2025",-999,-999,-999
pbw01,"11/30/2025",-999,-999,-999
pbw01,"12/01/2025",-999,-999,-999
pgs01,"11/25/2025",10.01,177.4,129.86
pgs01,"11/26/2025",9.65,190.2,123.11
pgs01,"11/27/2025",11.47,40.9,128.63
pgs01,"11/28/2025",13.3,180.8,133.44
pgs01,"11/29/2025",12.2,197.3,135.83
pgs01,"11/30/2025",10.6,18.6,39.63
pgs01,"12/01/2025",15.49,204.5,115.44
pkh01,"11/25/2025",23.11,339.4,108.56
pkh01,"11/26/2025",8.33,113.9,68.39
pkh01,"11/27/2025",11.02,44.1,76.6
pkh01,"11/28/2025",24.11,310.2,79.66
pkh01,"11/29/2025",28.97,6.7,106.6
pkh01,"11/30/2025",14.71,125.4,55.89
pkh01,"12/01/2025",11.52,161.7,103.82
pkn01,"11/25/2025",28.95,0.2,112.36
pkn01,"11/26/2025",10.52,85.6,110.53
pkn01,"11/27/2025",19.37,177.0,127.46
pkn01,"11/28/2025",20.18,354.4,61.95
pkn01,"11/29/2025",36.1,7.6,129.62
pkn01,"11/30/2025",23.24,123.5,51.62
pkn01,"12/01/2025",25.28,349.7,130.52
pnr01,"11/25/2025",24.45,234.3,118.24
pnr01,"11/26/2025",10.68,130.9,112.63
pnr01,"11/27/2025",8.67,119.2,123.42
pnr01,"11/28/2025",32.32,292.8,73.85
pnr01,"11/29/2025",17.22,155.5,81.69
pnr01,"11/30/2025",10.01,122.9,92.23
pnr01,"12/01/2025",18.07,273.7,120.92
rfd01,"11/25/2025",16.44,27.5,117.78
rfd01,"11/26/2025",10.6,0.1,109.76
rfd01,"11/27/2025",11.4,112.2,119.54
rfd01,"11/28/2025",10.08,121.1,76.46
rfd01,"11/29/2025",30.04,2.2,119.79
rfd01,"11/30/2025",21.7,114.8,88.24
rfd01,"12/01/2025",18.48,325.6,121.06
san01,"11/25/2025",10.51,12.2,125.25
san01,"11/26/2025",11.63,178.9,128.51
san01,"11/27/2025",8.84,3.6,134.92
san01,"11/28/2025",23.38,214.0,136.46
san01,"11/29/2025",13.87,167.4,139.62
san01,"11/30/2025",27.29,171.6,104.01
san01,"12/01/2025",17.78,277.2,125.01
sbt01,"11/25/2025",30.09,252.6,115.92
sbt01,"11/26/2025",17.78,181.4,95.89
sbt01,"11/27/2025",16.11,150.0,117.12
sbt01,"11/28/2025",18.34,335.6,48.39
sbt01,"11/29/2025",32.88,319.1,128.65
sbt01,"11/30/2025",23.38,147.2,53.32
sbt01,"12/01/2025",23.38,285.5,127.57
scm01,"11/25/2025",27.85,321.6,116.1
scm01,"11/26/2025",17.78,146.0,86.48
scm01,"11/27/2025",13.31,171.4,124.11
scm01,"11/28/2025",23.38,317.7,71.37
scm01,"11/29/2025",39.03,316.5,127.04
scm01,"11/30/2025",22.26,121.6,60.58
scm01,"12/01/2025",17.78,120.9,121.03
sld01,"11/25/2025",25.61,218.3,124.57
sld01,"11/26/2025",40.71,292.9,120.89
sld01,"11/27/2025",21.7,227.9,125.42
sld01,"11/28/2025",27.29,322.6,120.52
sld01,"11/29/2025",26.73,268.8,125.74
sld01,"11/30/2025",16.11,136.1,57.7
sld01,"12/01/2025",22.26,259.2,127.85
slt01,"11/25/2025",9.84,308.6,105.21
slt01,"11/26/2025",8.59,188.0,79.46
slt01,"11/27/2025",6.51,257.6,117.01
slt01,"11/28/2025",16.64,223.4,69.16
slt01,"11/29/2025",17.6,290.1,101.27
slt01,"11/30/2025",13.48,257.5,23.18
slt01,"12/01/2025",16.07,256.8,118.63
stg01,"11/25/2025",49.48,335.8,118.91
stg01,"11/26/2025",15.71,148.8,62.79
stg01,"11/27/2025",20.54,162.0,70.21
stg01,"11/28/2025",29.24,215.1,55.52
stg01,"11/29/2025",45.97,338.7,116.33
stg01,"11/30/2025",23.31,111.8,55.58
stg01,"12/01/2025",25.37,327.5,117.08
stn01,"11/25/2025",34.49,2.1,119.1
stn01,"11/26/2025",18.57,204.8,76.24
stn01,"11/27/2025",13.53,156.3,119.33
stn01,"11/28/2025",19.42,352.8,43.78
stn01,"11/29/2025",35.01,2.2,129.75
stn01,"11/30/2025",20.24,146.2,71.84
stn01,"12/01/2025",23.94,349.5,124.65
twc01,"11/25/2025",7.72,253.0,91.32
twc01,"11/26/2025",11.63,282.8,109.7
twc01,"11/27/2025",8.84,228.1,131.34
twc01,"11/28/2025",13.87,127.0,129.01
twc01,"11/29/2025",18.9,321.7,132.98
twc01,"11/30/2025",23.94,324.3,42.93
twc01,"12/01/2025",22.82,271.5,132.69
wcf01,"11/25/2025",14.04,286.1,128.57
wcf01,"11/26/2025",16.05,339.8,129.95
wcf01,"11/27/2025",11.86,157.7,133.77
wcf01,"11/28/2025",28.63,275.4,83.75
wcf01,"11/29/2025",27.96,328.4,133.19
wcf01,"11/30/2025",15.04,9.0,61.13
wcf01,"12/01/2025",8.33,156.8,103.72
wfd01,"11/25/2025",22.82,166.0,108.17
wfd01,"11/26/2025",26.17,278.9,45.25
wfd01,"11/27/2025",8.28,347.3,91.67
wfd01,"11/28/2025",28.41,195.3,71.37
wfd01,"11/29/2025",25.61,179.0,112.22
wfd01,"11/30/2025",10.51,261.4,28.16
wfd01,"12/01/2025",13.87,13.5,95.4
wls01,"11/25/2025",23.53,4.5,124.39
wls01,"11/26/2025",22.86,171.3,100.98
wls01,"11/27/2025",16.0,169.1,120.26
wls01,"11/28/2025",20.6,179.0,56.69
wls01,"11/29/2025",29.53,344.2,109.76
wls01,"11/30/2025",25.05,149.6,80.95
wls01,"12/01/2025",23.38,326.5,120.68
wry02,"11/25/2025",29.95,305.2,108.93
wry02,"11/26/2025",11.62,155.9,56.2
wry02,"11/27/2025",11.84,118.4,86.18
wry02,"11/28/2025",14.03,125.4,33.79
wry02,"11/29/2025",28.72,329.4,107.13
wry02,"11/30/2025",16.15,105.3,70.49
wry02,"12/01/2025",18.48,294.0,108.44
yam01,"11/25/2025",18.86,311.3,105.23
yam01,"11/26/2025",15.93,25.9,53.83
yam01,"11/27/2025",10.96,296.8,78.16
yam01,"11/28/2025",20.89,320.7,74.78
yam01,"11/29/2025",24.56,323.1,110.96
yam01,"11/30/2025",23.82,157.2,39.35
yam01,"12/01/2025",13.23,25.6,105.59
yjk01,"11/25/2025",19.15,303.1,141.1
yjk01,"11/26/2025",16.15,294.4,120.2
yjk01,"11/27/2025",10.16,346.6,134.85
yjk01,"11/28/2025",15.49,217.2,129.71
yjk01,"11/29/2025",14.61,8.5,132.77
yjk01,"11/30/2025",21.34,277.3,27.4
yjk01,"12/01/2025",16.15,306.1,137.64
yuc01,"11/25/2025",13.37,146.6,120.72
yuc01,"11/26/2025",11.02,133.5,101.74
yuc01,"11/27/2025",10.18,297.0,124.31
yuc01,"11/28/2025",13.37,156.1,124.31
yuc01,"11/29/2025",14.54,327.6,125.93
yuc01,"11/30/2025",12.86,144.4,32.91
yuc01,"12/01/2025",17.22,283.7,121.3
yum02,"11/25/2025",38.48,337.9,115.95
yum02,"11/26/2025",14.99,206.8,73.24
yum02,"11/27/2025",13.87,115.0,78.11
yum02,"11/28/2025",16.67,112.1,56.8
yum02,"11/29/2025",40.71,351.3,118.67
yum02,"11/30/2025",21.7,113.1,63.74
yum02,"12/01/2025",23.94,333.6,119.23
