Station,Date,"Avg Temp","RH Max","Vapor Pressure","Liquid Precip"
id,date,"deg F","%",kPa,in
akr02,"11/25/2025",29.58,0.861,0.346,0.0
akr02,"11/26/2025",27.75,0.891,0.337,0.0
akr02,"11/27/2025",33.18,0.915,0.452,0.0
akr02,"11/28/2025",30.51,0.988,0.51,0.07
akr02,"11/29/2025",18.88,0.977,0.277,0.0
akr02,"11/30/2025",15.58,0.888,0.24,0.0
akr02,"12/01/2025",21.19,0.901,0.252,0.0
alt01,"11/25/2025",35.13,0.638,0.269,0.0
alt01,"11/26/2025",24.93,0.768,0.278,0.0
alt01,"11/27/2025",30.39,0.858,0.359,0.0
alt01,"11/28/2025",32.57,0.928,0.456,0.0
alt01,"11/29/2025",22.05,0.777,0.225,0.0
alt01,"11/30/2025",16.93,0.906,0.238,0.0
alt01,"12/01/2025",21.23,0.966,0.247,0.0
avn01,"11/25/2025",36.67,0.902,0.461,0.0
avn01,"11/26/2025",33.71,0.897,0.422,0.0
avn01,"11/27/2025",33.71,0.935,0.465,0.0
avn01,"11/28/2025",35.29,0.935,0.531,0.0
avn01,"11/29/2025",29.49,0.937,0.34,0.0
avn01,"11/30/2025",24.01,0.828,0.262,0.0
avn01,"12/01/2025",23.54,0.907,0.296,0.07
bla01,"11/25/2025",29.35,0.976,0.394,0.0
bla01,"11/26/2025",31.13,0.951,0.393,0.0
bla01,"11/27/2025",31.22,0.931,0.391,0.0
bla01,"11/28/2025",35.42,0.912,0.398,0.0
bla01,"11/29/2025",34.96,0.756,0.277,0.0
bla01,"11/30/2025",31.01,0.921,0.396,0.0
bla01,"12/01/2025",28.07,0.977,0.301,0.0
bnv01,"11/25/2025",33.31,0.986,0.31,0.0
bnv01,"11/26/2025",32.7,0.997,0.306,0.0
bnv01,"11/27/2025",33.76,0.938,0.344,0.0
bnv01,"11/28/2025",34.1,0.942,0.306,0.0
bnv01,"11/29/2025",32.28,0.919,0.226,0.0
bnv01,"11/30/2025",18.95,0.994,0.308,0.0
bnv01,"12/01/2025",21.29,0.969,0.21,0.0
brg01,"11/25/2025",29.1,0.917,0.335,0.0
brg01,"11/26/2025",23.97,0.966,0.332,0.0
brg01,"11/27/2025",29.83,0.966,0.413,0.0
brg01,"11/28/2025",31.69,1.022,0.5,0.0
brg01,"11/29/2025",18.93,0.908,0.235,0.0
brg01,"11/30/2025",15.85,0.933,0.246,0.0
brg01,"12/01/2025",20.21,0.959,0.231,0.0
brl02,"11/25/2025",32.53,0.865,0.391,0.0
brl02,"11/26/2025",28.0,0.857,0.347,0.0
brl02,"11/27/2025",33.54,0.92,0.441,0.0
brl02,"11/28/2025",31.37,1.002,0.571,0.0
brl02,"11/29/2025",22.53,1.01,0.324,0.0
brl02,"11/30/2025",15.8,0.891,0.245,0.0
brl02,"12/01/2025",21.79,0.943,0.269,0.02
brl03,"11/25/2025",32.07,0.859,0.37,0.0
brl03,"11/26/2025",27.82,0.829,0.33,0.0
brl03,"11/27/2025",34.07,0.881,0.44,0.0
brl03,"11/28/2025",30.9,0.98,0.549,0.0
brl03,"11/29/2025",21.93,1.06,0.315,0.0
brl03,"11/30/2025",15.58,0.894,0.239,0.0
brl03,"12/01/2025",21.77,0.911,0.254,0.01
cbl01,"11/25/2025",33.31,0.938,0.46,0.0
cbl01,"11/26/2025",31.07,0.941,0.399,0.0
cbl01,"11/27/2025",32.22,0.933,0.388,0.0
cbl01,"11/28/2025",34.21,0.949,0.431,0.0
cbl01,"11/29/2025",34.25,0.752,0.279,0.0
cbl01,"11/30/2025",26.58,0.979,0.41,0.0
cbl01,"12/01/2025",20.79,0.979,0.309,0.17
cbn01,"11/25/2025",30.82,0.554,0.316,0.0
cbn01,"11/26/2025",35.89,0.776,0.378,0.0
cbn01,"11/27/2025",37.55,0.701,0.381,0.0
cbn01,"11/28/2025",37.16,0.785,0.422,0.0
cbn01,"11/29/2025",34.9,0.797,0.31,0.0
cbn01,"11/30/2025",31.1,0.962,0.413,0.0
cbn01,"12/01/2025",25.01,0.929,0.32,0.17
ccr01,"11/25/2025",33.78,0.747,0.331,0.0
ccr01,"11/26/2025",30.39,0.882,0.31,0.0
ccr01,"11/27/2025",35.59,0.836,0.391,0.0
ccr01,"11/28/2025",40.67,0.885,0.415,0.0
ccr01,"11/29/2025",23.0,0.876,0.279,0.0
ccr01,"11/30/2025",18.49,0.844,0.242,0.0
ccr01,"12/01/2025",26.8,0.849,0.234,0.0
cht01,"11/25/2025",35.73,0.77,0.362,0.0
cht01,"11/26/2025",29.96,0.805,0.323,0.0
cht01,"11/27/2025",35.73,0.789,0.387,0.0
cht01,"11/28/2025",41.48,0.83,0.423,0.0
cht01,"11/29/2025",25.42,0.869,0.315,0.0
cht01,"11/30/2025",19.06,0.882,0.242,0.0
cht01,"12/01/2025",28.41,0.865,0.261,0.0
ckp01,"11/25/2025",32.81,0.754,0.265,0.0
ckp01,"11/26/2025",23.75,0.819,0.262,0.0
ckp01,"11/27/2025",27.5,0.846,0.326,0.0
ckp01,"11/28/2025",36.0,0.881,0.401,0.0
ckp01,"11/29/2025",21.84,0.847,0.244,0.0
ckp01,"11/30/2025",11.89,0.892,0.207,0.0
ckp01,"12/01/2025",24.19,0.871,0.208,0.0
clk01,"11/25/2025",27.45,0.829,0.246,0.0
clk01,"11/26/2025",25.84,0.829,0.324,0.0
clk01,"11/27/2025",31.61,0.916,0.431,0.0
clk01,"11/28/2025",30.96,0.973,0.448,0.0
clk01,"11/29/2025",20.29,0.949,0.263,0.0
clk01,"11/30/2025",21.04,0.986,0.336,0.0
clk01,"12/01/2025",16.38,0.952,0.255,0.0
cnn01,"11/25/2025",38.81,0.611,0.431,0.0
cnn01,"11/26/2025",33.6,0.856,0.416,0.0
cnn01,"11/27/2025",33.5,0.899,0.427,0.0
cnn01,"11/28/2025",46.01,0.88,0.416,0.0
cnn01,"11/29/2025",31.18,0.834,0.334,0.0
cnn01,"11/30/2025",20.53,0.903,0.275,0.0
cnn01,"12/01/2025",25.31,0.903,0.325,0.04
cow01,"11/25/2025",22.87,0.884,0.211,0.0
cow01,"11/26/2025",26.36,0.87,0.285,0.0
cow01,"11/27/2025",31.47,0.95,0.421,0.0
cow01,"11/28/2025",34.0,0.971,0.41,0.0
cow01,"11/29/2025",15.98,0.917,0.22,0.0
cow01,"11/30/2025",14.86,0.899,0.247,0.0
cow01,"12/01/2025",12.97,0.918,0.205,0.0
ctr01,"11/25/2025",30.54,0.963,0.418,0.0
ctr01,"11/26/2025",30.57,0.908,0.426,0.0
ctr01,"11/27/2025",30.97,0.894,0.424,0.0
ctr01,"11/28/2025",32.13,0.941,0.438,0.0
ctr01,"11/29/2025",33.85,0.828,0.316,0.0
ctr01,"11/30/2025",30.06,0.971,0.399,0.0
ctr01,"12/01/2025",27.62,0.97,0.258,0.0
ctr02,"11/25/2025",29.0,0.987,0.433,0.0
ctr02,"11/26/2025",29.85,0.921,0.418,0.0
ctr02,"11/27/2025",29.69,0.938,0.404,0.0
ctr02,"11/28/2025",31.4,0.943,0.423,0.0
ctr02,"11/29/2025",34.97,0.813,0.299,0.0
ctr02,"11/30/2025",29.78,0.979,0.405,0.0
ctr02,"12/01/2025",23.57,0.985,0.286,0.01
ctz01,"11/25/2025",33.19,1.013,0.58,0.0
ctz01,"11/26/2025",33.71,0.991,0.531,0.0
ctz01,"11/27/2025",35.13,0.994,0.539,0.0
ctz01,"11/28/2025",36.79,1.013,0.561,0.0
ctz01,"11/29/2025",36.73,0.975,0.405,0.0
ctz01,"11/30/2025",37.54,1.018,0.449,0.01
ctz01,"12/01/2025",29.83,0.963,0.424,0.05
cya01,"11/25/2025",36.36,0.963,0.529,-999
cya01,"11/26/2025",36.47,0.909,0.435,-999
cya01,"11/27/2025",38.68,0.933,0.508,-999
cya01,"11/28/2025",39.79,0.831,0.531,-999
cya01,"11/29/2025",37.23,0.776,0.367,-999
cya01,"11/30/2025",34.86,0.961,0.431,-999
cya01,"12/01/2025",27.21,0.924,0.365,-999
den01,"11/25/2025",38.53,0.682,0.322,0.0
den01,"11/26/2025",32.39,0.651,0.306,0.0
den01,"11/27/2025",37.82,0.823,0.398,0.0
den01,"11/28/2025",42.39,0.807,0.439,0.0
den01,"11/29/2025",26.32,0.85,0.287,0.0
den01,"11/30/2025",19.24,0.776,0.227,0.0
den01,"12/01/2025",31.02,0.868,0.247,0.0
dlr01,"11/25/2025",35.77,0.919,0.489,-999
dlr01,"11/26/2025",36.72,0.841,0.397,-999
dlr01,"11/27/2025",38.27,0.848,0.51,-999
dlr01,"11/28/2025",40.65,0.783,0.519,-999
dlr01,"11/29/2025",36.98,0.828,0.378,-999
dlr01,"11/30/2025",34.83,0.971,0.424,-999
dlr01,"12/01/2025",26.89,0.971,0.375,-999
drg01,"11/25/2025",35.58,1.001,0.198,0.0
drg01,"11/26/2025",33.39,1.001,0.007,0.0
drg01,"11/27/2025",34.67,1.001,0.021,0.01
drg01,"11/28/2025",35.52,1.001,0.151,0.0
drg01,"11/29/2025",34.01,0.829,0.003,0.0
drg01,"11/30/2025",31.13,1.001,0.183,0.0
drg01,"12/01/2025",29.18,0.933,0.003,0.0
dvc01,"11/25/2025",34.55,0.979,0.501,0.01
dvc01,"11/26/2025",33.33,0.921,0.434,0.0
dvc01,"11/27/2025",36.7,0.913,0.498,0.0
dvc01,"11/28/2025",35.54,0.915,0.508,0.0
dvc01,"11/29/2025",34.42,0.929,0.376,0.0
dvc01,"11/30/2025",31.04,0.963,0.432,0.0
dvc01,"12/01/2025",26.0,0.909,0.355,0.01
eac01,"11/25/2025",31.48,0.91,0.361,0.0
eac01,"11/26/2025",30.36,0.856,0.378,0.0
eac01,"11/27/2025",36.63,0.886,0.444,0.0
eac01,"11/28/2025",35.58,0.985,0.562,0.0
eac01,"11/29/2025",21.51,0.946,0.29,0.0
eac01,"11/30/2025",18.66,0.916,0.259,0.0
eac01,"12/01/2025",24.73,0.888,0.253,0.01
egl01,"11/25/2025",33.57,0.843,0.396,0.0
egl01,"11/26/2025",31.97,0.828,0.342,0.0
egl01,"11/27/2025",33.94,0.821,0.372,0.0
egl01,"11/28/2025",35.6,0.883,0.42,0.0
egl01,"11/29/2025",30.77,0.872,0.286,0.0
egl01,"11/30/2025",22.87,0.957,0.338,0.0
egl01,"12/01/2025",20.92,0.949,0.283,0.09
ekt01,"11/25/2025",35.9,0.909,0.49,0.0
ekt01,"11/26/2025",36.18,0.852,0.455,0.0
ekt01,"11/27/2025",35.76,0.878,0.43,0.0
ekt01,"11/28/2025",35.01,0.907,0.481,0.0
ekt01,"11/29/2025",34.7,0.91,0.418,0.0
ekt01,"11/30/2025",31.65,0.99,0.504,0.06
ekt01,"12/01/2025",28.94,0.992,0.424,0.02
fcc01,"11/25/2025",36.34,0.737,0.294,0.0
fcc01,"11/26/2025",26.35,0.829,0.284,0.0
fcc01,"11/27/2025",31.31,0.853,0.363,0.0
fcc01,"11/28/2025",36.98,0.916,0.451,0.03
fcc01,"11/29/2025",24.0,0.864,0.283,0.0
fcc01,"11/30/2025",16.42,0.916,0.243,0.0
fcc01,"12/01/2025",23.54,0.933,0.257,0.02
fcl01,"11/25/2025",37.84,0.572,-999,0.0
fcl01,"11/26/2025",28.88,0.785,-999,0.0
fcl01,"11/27/2025",32.75,0.808,-999,0.0
fcl01,"11/28/2025",37.92,0.865,-999,0.03
fcl01,"11/29/2025",25.65,0.862,-999,0.0
fcl01,"11/30/2025",18.93,0.901,-999,0.0
fcl01,"12/01/2025",25.68,0.953,-999,0.01
frt03,"11/25/2025",35.04,1.001,0.547,0.0
frt03,"11/26/2025",35.35,0.978,0.536,0.0
frt03,"11/27/2025",34.9,0.993,0.499,0.0
frt03,"11/28/2025",33.43,0.98,0.521,0.0
frt03,"11/29/2025",33.09,1.0,0.457,0.0
frt03,"11/30/2025",33.2,0.997,0.56,0.05
frt03,"12/01/2025",29.05,0.952,0.407,0.0
ftc01,"11/25/2025",35.8,0.721,0.3,0.0
ftc01,"11/26/2025",26.21,0.881,0.288,0.0
ftc01,"11/27/2025",30.53,0.898,0.364,0.0
ftc01,"11/28/2025",36.05,0.957,0.452,0.04
ftc01,"11/29/2025",23.69,0.894,0.288,0.0
ftc01,"11/30/2025",16.32,0.943,0.249,0.0
ftc01,"12/01/2025",23.11,0.952,0.264,0.01
ftc03,"11/25/2025",34.83,0.602,0.265,0.0
ftc03,"11/26/2025",25.36,0.682,0.245,0.0
ftc03,"11/27/2025",30.4,0.822,0.323,0.0
ftc03,"11/28/2025",35.24,0.94,0.422,0.0
ftc03,"11/29/2025",22.43,0.751,0.218,0.0
ftc03,"11/30/2025",16.47,0.938,0.224,0.0
ftc03,"12/01/2025",21.24,0.98,0.237,0.0
ftl01,"11/25/2025",34.77,0.798,0.336,0.0
ftl01,"11/26/2025",27.91,0.819,0.319,0.0
ftl01,"11/27/2025",32.91,0.92,0.418,0.0
ftl01,"11/28/2025",37.02,0.897,0.484,0.0
ftl01,"11/29/2025",22.85,0.958,0.307,0.0
ftl01,"11/30/2025",17.6,0.928,0.257,0.0
ftl01,"12/01/2025",25.53,0.966,0.265,0.0
fwl01,"11/25/2025",36.46,0.939,0.455,0.0
fwl01,"11/26/2025",33.93,0.918,0.436,0.0
fwl01,"11/27/2025",34.45,0.932,0.458,0.0
fwl01,"11/28/2025",34.92,0.934,0.524,0.0
fwl01,"11/29/2025",29.82,0.962,0.324,0.0
fwl01,"11/30/2025",25.91,0.776,0.268,0.0
fwl01,"12/01/2025",24.59,0.896,0.301,0.02
gby01,"11/25/2025",27.93,0.873,0.282,0.0
gby01,"11/26/2025",26.21,0.905,0.309,0.0
gby01,"11/27/2025",32.5,0.931,0.367,0.0
gby01,"11/28/2025",28.59,0.964,0.365,0.0
gby01,"11/29/2025",22.48,0.94,0.272,0.0
gby01,"11/30/2025",16.47,0.975,0.292,0.0
gby01,"12/01/2025",13.08,0.915,0.206,0.0
gly04,"11/25/2025",34.55,0.827,0.301,0.0
gly04,"11/26/2025",25.14,0.844,0.307,0.0
gly04,"11/27/2025",29.68,0.92,0.382,0.0
gly04,"11/28/2025",31.53,0.942,0.456,0.0
gly04,"11/29/2025",22.54,0.8,0.238,0.0
gly04,"11/30/2025",17.81,0.887,0.248,0.0
gly04,"12/01/2025",21.65,0.955,0.248,0.0
gun01,"11/25/2025",27.31,0.971,0.339,0.0
gun01,"11/26/2025",25.97,0.922,0.309,0.0
gun01,"11/27/2025",26.69,0.94,0.318,0.0
gun01,"11/28/2025",30.24,0.958,0.333,0.0
gun01,"11/29/2025",30.22,0.835,0.244,0.0
gun01,"11/30/2025",21.13,0.949,0.325,0.0
gun01,"12/01/2025",15.55,0.973,0.244,0.12
gun02,"11/25/2025",23.84,0.937,0.319,0.01
gun02,"11/26/2025",25.02,0.92,0.31,0.0
gun02,"11/27/2025",25.85,0.933,0.329,0.0
gun02,"11/28/2025",30.41,0.944,0.358,0.0
gun02,"11/29/2025",29.61,0.911,0.269,0.0
gun02,"11/30/2025",21.4,0.955,0.345,0.0
gun02,"12/01/2025",16.41,0.95,0.275,0.0
gyp01,"11/25/2025",34.22,0.856,0.4,0.0
gyp01,"11/26/2025",32.62,0.871,0.347,0.0
gyp01,"11/27/2025",32.87,0.856,0.38,0.0
gyp01,"11/28/2025",35.58,0.898,0.418,0.0
gyp01,"11/29/2025",33.44,0.736,0.292,0.0
gyp01,"11/30/2025",22.24,0.945,0.336,0.0
gyp01,"12/01/2025",22.71,0.95,0.296,0.09
heb01,"11/25/2025",26.79,0.705,0.23,0.0
heb01,"11/26/2025",30.06,0.7,0.303,0.0
heb01,"11/27/2025",35.91,0.745,0.415,0.0
heb01,"11/28/2025",30.46,0.973,0.387,0.0
heb01,"11/29/2025",-999,-999,-999,-999
heb01,"11/30/2025",-999,-999,-999,-999
heb01,"12/01/2025",-999,-999,-999,-999
hly01,"11/25/2025",37.39,1.001,0.464,0.0
hly01,"11/26/2025",34.68,0.871,0.454,0.0
hly01,"11/27/2025",35.46,0.944,0.489,0.0
hly01,"11/28/2025",36.83,0.995,0.652,0.0
hly01,"11/29/2025",29.52,0.993,0.398,0.0
hly01,"11/30/2025",22.46,0.78,0.276,0.0
hly01,"12/01/2025",25.31,0.911,0.283,0.0
hly02,"11/25/2025",36.48,0.99,0.486,0.0
hly02,"11/26/2025",33.83,0.918,0.475,0.0
hly02,"11/27/2025",34.32,0.933,0.496,0.0
hly02,"11/28/2025",35.77,0.983,0.622,0.0
hly02,"11/29/2025",29.2,0.979,0.399,0.0
hly02,"11/30/2025",22.43,0.755,0.277,0.0
hly02,"12/01/2025",23.32,0.904,0.281,0.0
hne01,"11/25/2025",33.73,0.901,0.44,0.0
hne01,"11/26/2025",36.19,0.93,0.424,0.0
hne01,"11/27/2025",39.78,0.928,0.439,0.0
hne01,"11/28/2025",47.19,0.62,0.45,0.0
hne01,"11/29/2025",28.06,0.945,0.34,0.0
hne01,"11/30/2025",22.96,0.866,0.273,0.0
hne01,"12/01/2025",23.32,1.048,0.284,0.01
hot02,"11/25/2025",36.77,0.899,0.496,0.0
hot02,"11/26/2025",36.87,0.834,0.44,0.0
hot02,"11/27/2025",37.12,0.808,0.414,0.0
hot02,"11/28/2025",36.91,0.847,0.484,0.0
hot02,"11/29/2025",34.61,0.886,0.407,0.0
hot02,"11/30/2025",31.28,0.992,0.483,0.01
hot02,"12/01/2025",26.67,0.995,0.422,0.49
hxt01,"11/25/2025",30.98,0.818,0.329,0.0
hxt01,"11/26/2025",26.41,0.927,0.323,0.0
hxt01,"11/27/2025",34.4,0.884,0.443,0.0
hxt01,"11/28/2025",29.71,0.962,0.504,0.0
hxt01,"11/29/2025",18.56,0.985,0.269,0.0
hxt01,"11/30/2025",14.23,0.902,0.229,0.0
hxt01,"12/01/2025",21.59,0.913,0.248,0.0
hyd01,"11/25/2025",29.76,0.915,0.299,0.0
hyd01,"11/26/2025",28.41,0.837,0.342,0.0
hyd01,"11/27/2025",34.31,0.931,0.421,0.0
hyd01,"11/28/2025",33.17,0.968,0.482,0.03
hyd01,"11/29/2025",26.47,0.843,0.312,0.0
hyd01,"11/30/2025",24.49,0.98,0.357,0.0
hyd01,"12/01/2025",18.68,0.92,0.273,0.14
hyk02,"11/25/2025",31.01,0.779,0.326,0.0
hyk02,"11/26/2025",24.58,0.893,0.279,0.0
hyk02,"11/27/2025",34.24,0.86,0.415,0.0
hyk02,"11/28/2025",29.12,0.929,0.458,0.0
hyk02,"11/29/2025",18.45,0.956,0.265,0.0
hyk02,"11/30/2025",12.24,0.883,0.203,0.0
hyk02,"12/01/2025",20.04,0.904,0.252,0.02
idl01,"11/25/2025",32.71,0.841,0.372,0.0
idl01,"11/26/2025",27.56,0.863,0.319,0.0
idl01,"11/27/2025",34.81,0.878,0.451,0.0
idl01,"11/28/2025",31.41,0.962,0.542,0.0
idl01,"11/29/2025",21.64,0.985,0.3,0.0
idl01,"11/30/2025",16.05,0.878,0.235,0.0
idl01,"12/01/2025",22.78,0.905,0.259,0.0
ign01,"11/25/2025",34.08,0.995,0.562,0.0
ign01,"11/26/2025",32.87,0.993,0.511,0.0
ign01,"11/27/2025",33.36,0.982,0.492,0.0
ign01,"11/28/2025",34.93,0.978,0.477,0.0
ign01,"11/29/2025",32.93,0.961,0.395,0.0
ign01,"11/30/2025",29.59,0.974,0.446,0.0
ign01,"12/01/2025",26.27,0.963,0.374,0.01
ign02,"11/25/2025",35.97,0.996,0.612,-999
ign02,"11/26/2025",33.97,0.995,0.55,-999
ign02,"11/27/2025",34.92,0.984,0.531,-999
ign02,"11/28/2025",36.25,0.981,0.515,-999
ign02,"11/29/2025",34.38,0.967,0.444,-999
ign02,"11/30/2025",31.0,0.967,0.457,-999
ign02,"12/01/2025",27.58,0.976,0.411,-999
ilf01,"11/25/2025",31.19,0.875,0.324,0.0
ilf01,"11/26/2025",23.3,0.945,0.342,0.0
ilf01,"11/27/2025",33.68,0.969,0.445,0.0
ilf01,"11/28/2025",32.67,0.937,0.513,0.0
ilf01,"11/29/2025",19.23,0.928,0.255,0.0
ilf01,"11/30/2025",14.99,0.921,0.232,0.0
ilf01,"12/01/2025",20.47,0.924,0.23,0.0
jfn01,"11/25/2025",27.73,0.77,0.243,0.0
jfn01,"11/26/2025",29.99,0.622,0.252,0.0
jfn01,"11/27/2025",31.37,0.923,0.31,0.0
jfn01,"11/28/2025",28.09,0.943,0.265,0.0
jfn01,"11/29/2025",19.68,0.921,0.219,0.0
jfn01,"11/30/2025",15.04,0.941,0.23,0.01
jfn01,"12/01/2025",17.97,0.739,0.191,0.0
kln01,"11/25/2025",31.62,0.981,0.529,0.0
kln01,"11/26/2025",33.9,0.941,0.463,0.01
kln01,"11/27/2025",35.39,0.934,0.525,0.0
kln01,"11/28/2025",37.6,0.882,0.493,0.0
kln01,"11/29/2025",37.27,0.792,0.35,0.0
kln01,"11/30/2025",33.05,0.964,0.426,0.0
kln01,"12/01/2025",28.14,0.918,0.354,0.0
krk01,"11/25/2025",31.49,0.911,0.383,0.0
krk01,"11/26/2025",27.45,0.946,0.34,0.0
krk01,"11/27/2025",33.77,0.97,0.472,0.0
krk01,"11/28/2025",31.79,0.98,0.57,0.0
krk01,"11/29/2025",21.61,0.992,0.311,0.0
krk01,"11/30/2025",16.41,0.908,0.252,0.0
krk01,"12/01/2025",22.33,0.938,0.261,0.0
krm01,"11/25/2025",28.11,0.883,0.287,0.0
krm01,"11/26/2025",26.75,0.894,0.305,0.0
krm01,"11/27/2025",33.3,0.897,0.382,0.0
krm01,"11/28/2025",30.4,0.957,0.392,0.0
krm01,"11/29/2025",21.79,0.954,0.294,0.0
krm01,"11/30/2025",15.85,0.933,0.276,0.0
krm01,"12/01/2025",13.32,0.915,0.211,0.07
ksy01,"11/25/2025",31.03,0.943,0.33,0.0
ksy01,"11/26/2025",22.84,0.952,0.315,0.0
ksy01,"11/27/2025",27.96,0.967,0.385,0.0
ksy01,"11/28/2025",30.45,0.98,0.461,0.02
ksy01,"11/29/2025",22.01,0.974,0.262,0.0
ksy01,"11/30/2025",17.78,0.908,0.254,0.0
ksy01,"12/01/2025",20.2,0.94,0.251,0.0
ksy02,"11/25/2025",31.01,0.888,0.317,0.0
ksy02,"11/26/2025",23.77,0.918,0.311,0.0
ksy02,"11/27/2025",28.26,0.925,0.373,0.0
ksy02,"11/28/2025",30.61,0.984,0.456,0.02
ksy02,"11/29/2025",22.18,0.98,0.26,0.0
ksy02,"11/30/2025",17.83,0.911,0.248,0.0
ksy02,"12/01/2025",20.44,0.949,0.238,0.0
lam01,"11/25/2025",35.42,0.942,0.45,0.0
lam01,"11/26/2025",34.05,0.902,0.447,0.0
lam01,"11/27/2025",37.16,0.923,0.492,0.0
lam01,"11/28/2025",35.99,0.951,0.578,0.0
lam01,"11/29/2025",29.75,0.954,0.382,0.0
lam01,"11/30/2025",24.54,0.735,0.264,0.0
lam01,"12/01/2025",24.88,0.853,0.271,0.0
lam03,"11/25/2025",35.81,0.952,0.452,0.0
lam03,"11/26/2025",34.5,0.928,0.442,0.0
lam03,"11/27/2025",35.43,0.94,0.489,0.0
lam03,"11/28/2025",34.76,0.979,0.568,0.0
lam03,"11/29/2025",28.76,0.98,0.371,0.0
lam03,"11/30/2025",24.0,0.758,0.266,0.0
lam03,"12/01/2025",26.17,0.902,0.275,0.0
lam04,"11/25/2025",35.82,0.945,0.478,0.0
lam04,"11/26/2025",34.23,0.928,0.466,0.0
lam04,"11/27/2025",34.98,0.927,0.49,0.0
lam04,"11/28/2025",34.28,1.001,0.585,0.0
lam04,"11/29/2025",29.56,0.995,0.386,0.0
lam04,"11/30/2025",23.21,0.794,0.277,0.0
lam04,"12/01/2025",24.85,0.901,0.275,0.0
lar01,"11/25/2025",27.01,0.644,0.225,0.0
lar01,"11/26/2025",28.91,0.663,0.293,0.0
lar01,"11/27/2025",34.87,0.762,0.406,0.0
lar01,"11/28/2025",31.91,0.967,0.391,0.0
lar01,"11/29/2025",16.68,0.921,0.233,0.0
lar01,"11/30/2025",16.88,0.929,0.271,0.0
lar01,"12/01/2025",11.7,0.916,0.193,0.0
lbn01,"11/25/2025",36.13,0.82,0.448,0.0
lbn01,"11/26/2025",36.26,0.698,0.341,0.0
lbn01,"11/27/2025",38.27,0.785,0.467,0.0
lbn01,"11/28/2025",39.48,0.728,0.476,0.0
lbn01,"11/29/2025",36.99,0.746,0.342,0.0
lbn01,"11/30/2025",33.9,0.935,0.398,0.0
lbn01,"12/01/2025",27.07,0.895,0.333,0.06
lcn01,"11/25/2025",35.25,0.716,0.282,0.0
lcn01,"11/26/2025",24.49,0.834,0.283,0.0
lcn01,"11/27/2025",29.8,0.898,0.368,0.0
lcn01,"11/28/2025",31.59,0.94,0.447,0.0
lcn01,"11/29/2025",22.56,0.77,0.233,0.0
lcn01,"11/30/2025",17.44,0.864,0.237,0.0
lcn01,"12/01/2025",21.87,0.932,0.238,0.0
ljr01,"11/25/2025",27.27,0.946,0.363,0.0
ljr01,"11/26/2025",27.99,0.927,0.368,0.0
ljr01,"11/27/2025",28.07,0.932,0.363,0.0
ljr01,"11/28/2025",33.38,0.939,0.391,0.0
ljr01,"11/29/2025",30.28,0.911,0.307,0.0
ljr01,"11/30/2025",31.34,0.883,0.382,0.0
ljr01,"12/01/2025",26.17,0.944,0.291,0.0
ljt01,"11/25/2025",35.03,0.946,0.446,0.0
ljt01,"11/26/2025",34.28,0.909,0.445,0.0
ljt01,"11/27/2025",35.19,0.919,0.456,0.0
ljt01,"11/28/2025",32.25,0.944,0.508,0.0
ljt01,"11/29/2025",28.74,0.944,0.327,0.0
ljt01,"11/30/2025",25.57,0.816,0.266,0.0
ljt01,"12/01/2025",24.9,0.877,0.27,0.0
lms02,"11/25/2025",34.21,0.963,0.45,0.0
lms02,"11/26/2025",34.06,0.939,0.447,0.0
lms02,"11/27/2025",35.59,0.951,0.475,0.0
lms02,"11/28/2025",32.21,0.968,0.52,0.0
lms02,"11/29/2025",28.71,0.975,0.335,0.0
lms02,"11/30/2025",26.51,0.764,0.268,0.0
lms02,"12/01/2025",24.74,0.91,0.274,0.0
lsl01,"11/25/2025",32.58,0.87,0.272,0.0
lsl01,"11/26/2025",23.49,0.895,0.274,0.0
lsl01,"11/27/2025",28.11,0.913,0.345,0.0
lsl01,"11/28/2025",30.93,0.941,0.426,0.02
lsl01,"11/29/2025",22.49,0.934,0.237,0.0
lsl01,"11/30/2025",17.53,0.85,0.22,0.0
lsl01,"12/01/2025",20.24,0.921,0.223,0.0
mcl01,"11/25/2025",35.71,0.93,0.45,0.0
mcl01,"11/26/2025",33.63,0.893,0.444,0.0
mcl01,"11/27/2025",35.87,0.916,0.475,0.0
mcl01,"11/28/2025",33.86,0.951,0.548,0.0
mcl01,"11/29/2025",29.05,0.953,0.357,0.0
mcl01,"11/30/2025",23.92,0.8,0.274,0.0
mcl01,"12/01/2025",25.0,0.892,0.27,0.0
mkr01,"11/25/2025",29.64,0.925,0.382,0.0
mkr01,"11/26/2025",29.5,0.899,0.38,0.0
mkr01,"11/27/2025",34.65,0.89,0.424,0.0
mkr01,"11/28/2025",38.6,0.882,0.45,0.0
mkr01,"11/29/2025",28.85,0.872,0.328,0.0
mkr01,"11/30/2025",26.04,0.96,0.395,0.0
mkr01,"12/01/2025",17.71,0.882,0.251,0.05
mnc01,"11/25/2025",31.0,0.95,0.435,0.01
mnc01,"11/26/2025",31.03,0.905,0.391,0.0
mnc01,"11/27/2025",32.66,0.933,0.446,0.0
mnc01,"11/28/2025",32.75,0.944,0.445,0.0
mnc01,"11/29/2025",31.48,0.932,0.333,0.0
mnc01,"11/30/2025",31.7,0.971,0.407,0.0
mnc01,"12/01/2025",23.75,0.953,0.344,0.07
mtr01,"11/25/2025",33.7,0.939,0.479,0.0
mtr01,"11/26/2025",34.6,0.928,0.449,0.0
mtr01,"11/27/2025",33.35,0.916,0.418,0.0
mtr01,"11/28/2025",33.9,0.927,0.468,0.0
mtr01,"11/29/2025",32.19,0.918,0.388,0.0
mtr01,"11/30/2025",31.54,0.978,0.469,0.01
mtr01,"12/01/2025",26.4,0.978,0.381,0.15
nuc01,"11/25/2025",34.19,0.964,0.493,-999
nuc01,"11/26/2025",35.06,0.93,0.458,-999
nuc01,"11/27/2025",34.82,0.919,0.465,-999
nuc01,"11/28/2025",37.34,0.915,0.503,-999
nuc01,"11/29/2025",33.87,0.921,0.405,-999
nuc01,"11/30/2025",30.57,0.975,0.497,-999
nuc01,"12/01/2025",26.74,0.975,0.397,-999
nwd01,"11/25/2025",33.31,0.825,0.422,0.0
nwd01,"11/26/2025",33.49,0.793,0.377,0.0
nwd01,"11/27/2025",36.09,0.812,0.42,0.0
nwd01,"11/28/2025",37.69,0.808,0.447,0.0
nwd01,"11/29/2025",32.73,0.845,0.363,0.0
nwd01,"11/30/2025",31.81,0.971,0.434,0.0
nwd01,"12/01/2025",23.03,0.966,0.358,0.24
orm02,"11/25/2025",39.66,0.905,0.51,0.0
orm02,"11/26/2025",39.71,0.836,0.479,0.0
orm02,"11/27/2025",39.22,0.836,0.448,0.0
orm02,"11/28/2025",37.21,0.868,0.491,0.0
orm02,"11/29/2025",36.44,0.913,0.416,0.0
orm02,"11/30/2025",35.41,0.981,0.48,0.13
orm02,"12/01/2025",28.22,0.983,0.404,0.08
oth01,"11/25/2025",34.25,0.95,0.477,0.0
oth01,"11/26/2025",34.93,0.927,0.451,0.0
oth01,"11/27/2025",33.06,0.927,0.406,0.0
oth01,"11/28/2025",33.23,0.924,0.452,0.0
oth01,"11/29/2025",32.49,0.934,0.384,0.0
oth01,"11/30/2025",31.45,0.977,0.493,0.06
oth01,"12/01/2025",28.39,0.963,0.398,0.11
pai01,"11/25/2025",31.55,0.845,0.346,0.0
pai01,"11/26/2025",26.16,0.91,0.318,0.0
pai01,"11/27/2025",34.82,0.902,0.449,0.0
pai01,"11/28/2025",30.1,0.967,0.511,0.02
pai01,"11/29/2025",19.72,0.983,0.29,0.0
pai01,"11/30/2025",14.59,0.918,0.233,0.0
pai01,"12/01/2025",21.16,0.93,0.271,0.01
pbw01,"11/25/2025",38.78,0.7,0.447,-999
pbw01,"11/26/2025",32.18,0.879,0.434,-999
pbw01,"11/27/2025",34.48,0.926,0.483,-999
pbw01,"11/28/2025",43.72,0.894,0.485,-999
pbw01,"11/29/2025",29.13,0.892,0.341,-999
pbw01,"11/30/2025",20.29,0.923,0.273,-999
pbw01,"12/01/2025",23.07,0.954,0.314,-999
pgs01,"11/25/2025",31.09,0.95,0.465,0.0
pgs01,"11/26/2025",32.36,0.962,0.487,0.0
pgs01,"11/27/2025",32.89,0.961,0.431,0.0
pgs01,"11/28/2025",32.29,0.953,0.442,0.0
pgs01,"11/29/2025",30.23,0.95,0.363,0.0
pgs01,"11/30/2025",27.56,0.957,0.421,0.0
pgs01,"12/01/2025",28.77,0.943,0.415,0.03
pkh01,"11/25/2025",33.32,0.832,0.319,0.0
pkh01,"11/26/2025",25.09,0.904,0.315,0.0
pkh01,"11/27/2025",29.45,0.908,0.386,0.0
pkh01,"11/28/2025",32.11,0.944,0.476,0.01
pkh01,"11/29/2025",23.02,0.93,0.281,0.0
pkh01,"11/30/2025",18.04,0.876,0.255,0.0
pkh01,"12/01/2025",23.01,0.954,0.256,0.0
pkn01,"11/25/2025",32.56,0.857,0.395,0.0
pkn01,"11/26/2025",28.67,0.905,0.385,0.0
pkn01,"11/27/2025",35.12,0.913,0.415,0.0
pkn01,"11/28/2025",35.17,0.962,0.547,0.0
pkn01,"11/29/2025",22.52,0.936,0.309,0.0
pkn01,"11/30/2025",15.55,0.903,0.242,0.0
pkn01,"12/01/2025",20.84,0.911,0.24,0.0
pnr01,"11/25/2025",39.35,0.679,0.454,0.0
pnr01,"11/26/2025",31.34,0.917,0.428,0.0
pnr01,"11/27/2025",31.55,0.926,0.44,0.0
pnr01,"11/28/2025",41.18,0.935,0.447,0.0
pnr01,"11/29/2025",30.48,0.83,0.337,0.0
pnr01,"11/30/2025",20.92,0.918,0.281,0.0
pnr01,"12/01/2025",21.34,0.936,0.306,0.09
rfd01,"11/25/2025",34.92,0.968,0.458,0.0
rfd01,"11/26/2025",33.02,0.935,0.443,0.0
rfd01,"11/27/2025",34.19,0.951,0.464,0.0
rfd01,"11/28/2025",33.56,0.956,0.523,0.0
rfd01,"11/29/2025",28.89,0.979,0.325,0.0
rfd01,"11/30/2025",27.45,0.773,0.276,0.0
rfd01,"12/01/2025",23.42,0.918,0.291,0.0
san01,"11/25/2025",27.94,0.943,0.375,0.0
san01,"11/26/2025",29.17,0.937,0.393,0.0
san01,"11/27/2025",29.53,0.916,0.363,0.0
san01,"11/28/2025",34.52,0.901,0.399,0.0
san01,"11/29/2025",31.39,0.905,0.302,0.0
san01,"11/30/2025",30.45,0.911,0.391,0.0
san01,"12/01/2025",25.57,0.951,0.313,0.0
sbt01,"11/25/2025",31.74,0.917,0.382,0.0
sbt01,"11/26/2025",27.56,0.934,0.358,0.0
sbt01,"11/27/2025",36.0,0.875,0.443,0.0
sbt01,"11/28/2025",33.1,1.001,0.575,0.0
sbt01,"11/29/2025",21.92,1.001,0.312,0.0
sbt01,"11/30/2025",15.94,0.903,0.247,0.0
sbt01,"12/01/2025",20.94,0.916,0.237,0.0
scm01,"11/25/2025",35.58,0.993,0.397,0.0
scm01,"11/26/2025",30.94,0.977,0.42,0.0
scm01,"11/27/2025",34.21,0.969,0.447,0.0
scm01,"11/28/2025",34.66,1.002,0.604,0.0
scm01,"11/29/2025",25.76,0.997,0.354,0.0
scm01,"11/30/2025",19.77,0.952,0.281,0.0
scm01,"12/01/2025",20.54,0.957,0.267,0.01
sld01,"11/25/2025",32.21,0.955,0.383,0.0
sld01,"11/26/2025",32.98,0.963,0.353,0.0
sld01,"11/27/2025",36.91,0.936,0.399,0.0
sld01,"11/28/2025",38.46,0.918,0.38,0.0
sld01,"11/29/2025",34.38,0.908,0.271,0.0
sld01,"11/30/2025",20.19,0.95,0.317,0.0
sld01,"12/01/2025",19.64,0.959,0.248,0.1
slt01,"11/25/2025",34.08,0.972,0.475,0.0
slt01,"11/26/2025",33.53,0.904,0.437,0.0
slt01,"11/27/2025",34.28,0.92,0.415,0.0
slt01,"11/28/2025",37.12,0.908,0.489,0.0
slt01,"11/29/2025",35.15,0.847,0.364,0.0
slt01,"11/30/2025",30.4,0.975,0.453,0.0
slt01,"12/01/2025",25.91,0.885,0.309,0.0
stg01,"11/25/2025",29.87,0.799,0.335,0.0
stg01,"11/26/2025",27.4,0.875,0.337,0.0
stg01,"11/27/2025",33.59,0.872,0.447,0.0
stg01,"11/28/2025",29.14,0.987,0.495,0.03
stg01,"11/29/2025",18.39,0.991,0.271,0.0
stg01,"11/30/2025",14.74,0.905,0.238,0.0
stg01,"12/01/2025",21.02,0.925,0.252,0.0
stn01,"11/25/2025",31.57,0.918,0.384,0.01
stn01,"11/26/2025",28.03,0.877,0.349,0.0
stn01,"11/27/2025",34.14,0.945,0.448,0.0
stn01,"11/28/2025",31.73,1.005,0.573,0.0
stn01,"11/29/2025",22.15,1.013,0.326,0.0
stn01,"11/30/2025",16.03,0.903,0.247,0.0
stn01,"12/01/2025",21.08,0.922,0.253,0.0
twc01,"11/25/2025",33.74,0.992,0.61,0.01
twc01,"11/26/2025",34.83,0.989,0.593,0.0
twc01,"11/27/2025",37.08,0.958,0.58,0.0
twc01,"11/28/2025",37.88,0.965,0.569,0.0
twc01,"11/29/2025",37.74,0.95,0.45,0.0
twc01,"11/30/2025",40.03,0.966,0.466,0.1
twc01,"12/01/2025",31.2,0.957,0.442,0.01
wcf01,"11/25/2025",25.45,0.952,0.33,0.0
wcf01,"11/26/2025",29.04,0.952,0.343,0.0
wcf01,"11/27/2025",31.32,0.881,0.361,0.0
wcf01,"11/28/2025",37.97,0.828,0.382,0.0
wcf01,"11/29/2025",28.03,0.891,0.299,0.0
wcf01,"11/30/2025",17.06,0.915,0.269,0.0
wcf01,"12/01/2025",10.71,0.929,0.207,0.14
wfd01,"11/25/2025",29.33,0.812,0.298,0.0
wfd01,"11/26/2025",26.97,0.899,0.319,0.0
wfd01,"11/27/2025",34.0,0.897,0.402,0.0
wfd01,"11/28/2025",30.55,0.978,0.412,0.0
wfd01,"11/29/2025",22.76,0.975,0.31,0.05
wfd01,"11/30/2025",15.55,0.967,0.284,0.0
wfd01,"12/01/2025",14.5,0.969,0.232,0.05
wls01,"11/25/2025",36.96,0.929,0.493,0.0
wls01,"11/26/2025",32.97,0.953,0.465,0.0
wls01,"11/27/2025",36.15,0.97,0.51,0.0
wls01,"11/28/2025",42.47,0.982,0.701,0.0
wls01,"11/29/2025",30.41,1.027,0.443,0.0
wls01,"11/30/2025",24.38,0.758,0.271,0.0
wls01,"12/01/2025",25.44,0.864,0.279,0.0
wry02,"11/25/2025",31.74,0.829,0.335,0.0
wry02,"11/26/2025",24.54,0.895,0.291,0.0
wry02,"11/27/2025",35.1,0.907,0.435,0.0
wry02,"11/28/2025",30.57,0.962,0.506,0.01
wry02,"11/29/2025",19.11,0.98,0.278,0.0
wry02,"11/30/2025",14.13,0.912,0.221,0.0
wry02,"12/01/2025",20.76,0.92,0.261,0.03
yam01,"11/25/2025",27.2,0.885,0.293,0.0
yam01,"11/26/2025",27.87,0.87,0.317,0.0
yam01,"11/27/2025",31.23,0.936,0.38,0.0
yam01,"11/28/2025",32.46,0.97,0.403,0.0
yam01,"11/29/2025",21.42,0.925,0.284,0.0
yam01,"11/30/2025",22.58,0.981,0.329,0.0
yam01,"12/01/2025",15.82,0.939,0.24,0.0
yjk01,"11/25/2025",36.59,0.808,0.499,0.0
yjk01,"11/26/2025",35.98,0.781,0.401,0.0
yjk01,"11/27/2025",37.62,0.85,0.482,0.0
yjk01,"11/28/2025",38.37,0.809,0.507,0.0
yjk01,"11/29/2025",35.03,0.779,0.351,0.0
yjk01,"11/30/2025",31.48,0.988,0.417,0.0
yjk01,"12/01/2025",25.08,0.968,0.327,0.09
yuc01,"11/25/2025",34.7,0.976,0.587,0.0
yuc01,"11/26/2025",34.3,0.948,0.525,0.0
yuc01,"11/27/2025",36.87,0.938,0.533,0.0
yuc01,"11/28/2025",38.46,0.945,0.542,0.0
yuc01,"11/29/2025",37.95,0.844,0.379,0.0
yuc01,"11/30/2025",37.2,0.989,0.436,0.03
yuc01,"12/01/2025",30.17,0.964,0.411,0.02
yum02,"11/25/2025",31.28,0.806,0.351,0.0
yum02,"11/26/2025",27.8,0.864,0.317,0.0
yum02,"11/27/2025",33.76,0.878,0.444,0.0
yum02,"11/28/2025",30.68,0.975,0.514,0.04
yum02,"11/29/2025",20.48,0.974,0.295,0.0
yum02,"11/30/2025",15.53,0.907,0.239,0.0
yum02,"12/01/2025",21.67,0.912,0.261,0.01
